[{"@type":"mappingTemplate","id":"@1","name":"Mapping2","description":"","bundleVersion":"0","templateId":"@3","deployTime":1634563375000,"hasParameters":false,"valid":true,"fixedConnection":true,"hasParametersDeployed":false,"fixedConnectionDeployed":true,"tasks":1,"mappingPreviewFileRecordId":"@2","documentType":"MAPPING","references":[{"@type":"reference","refObjectId":"@4viossZiBoAlkXMBbIBSg8","refType":"connection"},{"@type":"reference","refObjectId":"@is6EBfKEZqNdBSH4sFLlaX","refType":"mappletTemplate"}]}]