[{"@type":"mappingTemplate","id":"@1","name":"Mapping68","description":"","bundleVersion":"0","templateId":"@3","deployTime":1624348336000,"hasParameters":false,"valid":true,"fixedConnection":true,"hasParametersDeployed":false,"fixedConnectionDeployed":true,"tasks":1,"mappingPreviewFileRecordId":"@2","documentType":"MAPPING","references":[{"@type":"reference","refObjectId":"@4cqwlaKa7CsfJCNansBqsY","refType":"connection"},{"@type":"reference","refObjectId":"@9x8Zm1HxWpOj4uQyLAb0kO","refType":"connection"}]}]